Номер,Ссылка,Компания
1,https://tomsk.hh.ru/vacancy/110832794?query=%D0%BF%D1%80%D0%BE%D0%B3%D1%80%D0%B0%D0%BC%D0%BC%D0%B8%D1%81%D1%82&hhtmFrom=vacancy_search_list,ОАО Томское пиво
2,https://tomsk.hh.ru/vacancy/111558453?query=%D0%BF%D1%80%D0%BE%D0%B3%D1%80%D0%B0%D0%BC%D0%BC%D0%B8%D1%81%D1%82&hhtmFrom=vacancy_search_list,ООО Девопс
3,https://tomsk.hh.ru/vacancy/110960085?query=%D0%BF%D1%80%D0%BE%D0%B3%D1%80%D0%B0%D0%BC%D0%BC%D0%B8%D1%81%D1%82&hhtmFrom=vacancy_search_list,ООО Паритет
4,https://tomsk.hh.ru/vacancy/111564065?query=%D0%BF%D1%80%D0%BE%D0%B3%D1%80%D0%B0%D0%BC%D0%BC%D0%B8%D1%81%D1%82&hhtmFrom=vacancy_search_list,"Компания ЭлеСи, Томск"
5,https://tomsk.hh.ru/vacancy/111458209?query=%D0%BF%D1%80%D0%BE%D0%B3%D1%80%D0%B0%D0%BC%D0%BC%D0%B8%D1%81%D1%82&hhtmFrom=vacancy_search_list,"Компания ЭлеСи, Томск"
6,https://tomsk.hh.ru/vacancy/109807418?query=%D0%BF%D1%80%D0%BE%D0%B3%D1%80%D0%B0%D0%BC%D0%BC%D0%B8%D1%81%D1%82&hhtmFrom=vacancy_search_list,Латат
7,https://tomsk.hh.ru/vacancy/108572455?query=%D0%BF%D1%80%D0%BE%D0%B3%D1%80%D0%B0%D0%BC%D0%BC%D0%B8%D1%81%D1%82&hhtmFrom=vacancy_search_list,Счетная палата Города Томска
8,https://tomsk.hh.ru/vacancy/110621883?query=%D0%BF%D1%80%D0%BE%D0%B3%D1%80%D0%B0%D0%BC%D0%BC%D0%B8%D1%81%D1%82&hhtmFrom=vacancy_search_list,ООО Делу время
9,https://tomsk.hh.ru/vacancy/111293774?query=%D0%BF%D1%80%D0%BE%D0%B3%D1%80%D0%B0%D0%BC%D0%BC%D0%B8%D1%81%D1%82&hhtmFrom=vacancy_search_list,Алабуга. Проектный менеджмент
10,https://tomsk.hh.ru/vacancy/108310940?query=%D0%BF%D1%80%D0%BE%D0%B3%D1%80%D0%B0%D0%BC%D0%BC%D0%B8%D1%81%D1%82&hhtmFrom=vacancy_search_list,Головное подразделение Сибагро
11,https://tomsk.hh.ru/vacancy/111344751?query=%D0%BF%D1%80%D0%BE%D0%B3%D1%80%D0%B0%D0%BC%D0%BC%D0%B8%D1%81%D1%82&hhtmFrom=vacancy_search_list,ООО Encore
12,https://tomsk.hh.ru/vacancy/109253878?query=%D0%BF%D1%80%D0%BE%D0%B3%D1%80%D0%B0%D0%BC%D0%BC%D0%B8%D1%81%D1%82&hhtmFrom=vacancy_search_list,Головное подразделение Сибагро
13,https://tomsk.hh.ru/vacancy/106808821?query=%D0%BF%D1%80%D0%BE%D0%B3%D1%80%D0%B0%D0%BC%D0%BC%D0%B8%D1%81%D1%82&hhtmFrom=vacancy_search_list,Latat
14,https://tomsk.hh.ru/vacancy/109220906?query=%D0%BF%D1%80%D0%BE%D0%B3%D1%80%D0%B0%D0%BC%D0%BC%D0%B8%D1%81%D1%82&hhtmFrom=vacancy_search_list,ООО Encore
15,https://tomsk.hh.ru/vacancy/111595480?query=%D0%BF%D1%80%D0%BE%D0%B3%D1%80%D0%B0%D0%BC%D0%BC%D0%B8%D1%81%D1%82&hhtmFrom=vacancy_search_list,ООО Лидерпак
16,https://tomsk.hh.ru/vacancy/83312825?query=%D0%BF%D1%80%D0%BE%D0%B3%D1%80%D0%B0%D0%BC%D0%BC%D0%B8%D1%81%D1%82&hhtmFrom=vacancy_search_list,"Томская электронная компания , ООО НПП"
17,https://tomsk.hh.ru/vacancy/108229103?query=%D0%BF%D1%80%D0%BE%D0%B3%D1%80%D0%B0%D0%BC%D0%BC%D0%B8%D1%81%D1%82&hhtmFrom=vacancy_search_list,СибГМУ
18,https://tomsk.hh.ru/vacancy/110867061?query=%D0%BF%D1%80%D0%BE%D0%B3%D1%80%D0%B0%D0%BC%D0%BC%D0%B8%D1%81%D1%82&hhtmFrom=vacancy_search_list,ООО СИНЕКТА
19,https://tomsk.hh.ru/vacancy/110192276?query=%D0%BF%D1%80%D0%BE%D0%B3%D1%80%D0%B0%D0%BC%D0%BC%D0%B8%D1%81%D1%82&hhtmFrom=vacancy_search_list,ООО ТРАНСМАШ-ТОМСК
20,https://tomsk.hh.ru/vacancy/111190593?query=%D0%BF%D1%80%D0%BE%D0%B3%D1%80%D0%B0%D0%BC%D0%BC%D0%B8%D1%81%D1%82&hhtmFrom=vacancy_search_list,Аптечная сеть ЛЕКА
21,https://tomsk.hh.ru/vacancy/110598106?query=%D0%BF%D1%80%D0%BE%D0%B3%D1%80%D0%B0%D0%BC%D0%BC%D0%B8%D1%81%D1%82&hhtmFrom=vacancy_search_list,ООО РАНК - ГИС
22,https://tomsk.hh.ru/vacancy/108705790?query=%D0%BF%D1%80%D0%BE%D0%B3%D1%80%D0%B0%D0%BC%D0%BC%D0%B8%D1%81%D1%82&hhtmFrom=vacancy_search_list,"Компания ЭлеСи, Томск"
23,https://tomsk.hh.ru/vacancy/107354683?query=%D0%BF%D1%80%D0%BE%D0%B3%D1%80%D0%B0%D0%BC%D0%BC%D0%B8%D1%81%D1%82&hhtmFrom=vacancy_search_list,АО ИнфоТеКС
24,https://tomsk.hh.ru/vacancy/111024954?query=%D0%BF%D1%80%D0%BE%D0%B3%D1%80%D0%B0%D0%BC%D0%BC%D0%B8%D1%81%D1%82&hhtmFrom=vacancy_search_list,УМП Спецавтохозяйство г. Томска
25,https://tomsk.hh.ru/vacancy/110191921?query=%D0%BF%D1%80%D0%BE%D0%B3%D1%80%D0%B0%D0%BC%D0%BC%D0%B8%D1%81%D1%82&hhtmFrom=vacancy_search_list,"ЛАМА, Группа компаний"
26,https://tomsk.hh.ru/vacancy/109705588?query=%D0%BF%D1%80%D0%BE%D0%B3%D1%80%D0%B0%D0%BC%D0%BC%D0%B8%D1%81%D1%82&hhtmFrom=vacancy_search_list,АО Научно-исследовательский институт полупроводниковых приборов
27,https://tomsk.hh.ru/vacancy/109253646?query=%D0%BF%D1%80%D0%BE%D0%B3%D1%80%D0%B0%D0%BC%D0%BC%D0%B8%D1%81%D1%82&hhtmFrom=vacancy_search_list,АО ПО Физтех
28,https://tomsk.hh.ru/vacancy/109807420?query=%D0%BF%D1%80%D0%BE%D0%B3%D1%80%D0%B0%D0%BC%D0%BC%D0%B8%D1%81%D1%82&hhtmFrom=vacancy_search_list,Латат
29,https://tomsk.hh.ru/vacancy/97100558?query=%D0%BF%D1%80%D0%BE%D0%B3%D1%80%D0%B0%D0%BC%D0%BC%D0%B8%D1%81%D1%82&hhtmFrom=vacancy_search_list,Национальный исследовательский Томский политехнический университет
30,https://tomsk.hh.ru/vacancy/111882033?query=%D0%BF%D1%80%D0%BE%D0%B3%D1%80%D0%B0%D0%BC%D0%BC%D0%B8%D1%81%D1%82&hhtmFrom=vacancy_search_list,ООО Синтез интеллектуальных систем
31,https://tomsk.hh.ru/vacancy/93180931?query=%D0%BF%D1%80%D0%BE%D0%B3%D1%80%D0%B0%D0%BC%D0%BC%D0%B8%D1%81%D1%82&hhtmFrom=vacancy_search_list,ООО ИЦ КонсультантЪ
32,https://tomsk.hh.ru/vacancy/108826236?query=%D0%BF%D1%80%D0%BE%D0%B3%D1%80%D0%B0%D0%BC%D0%BC%D0%B8%D1%81%D1%82&hhtmFrom=vacancy_search_list,Газпром газораспределение Томск
33,https://tomsk.hh.ru/vacancy/107729884?query=%D0%BF%D1%80%D0%BE%D0%B3%D1%80%D0%B0%D0%BC%D0%BC%D0%B8%D1%81%D1%82&hhtmFrom=vacancy_search_list,СибГМУ
34,https://tomsk.hh.ru/vacancy/109648971?query=%D0%BF%D1%80%D0%BE%D0%B3%D1%80%D0%B0%D0%BC%D0%BC%D0%B8%D1%81%D1%82&hhtmFrom=vacancy_search_list,ООО Интрайс
35,https://tomsk.hh.ru/vacancy/110283390?query=%D0%BF%D1%80%D0%BE%D0%B3%D1%80%D0%B0%D0%BC%D0%BC%D0%B8%D1%81%D1%82&hhtmFrom=vacancy_search_list,АО ИнфоТеКС
36,https://tomsk.hh.ru/vacancy/111883408?query=%D0%BF%D1%80%D0%BE%D0%B3%D1%80%D0%B0%D0%BC%D0%BC%D0%B8%D1%81%D1%82&hhtmFrom=vacancy_search_list,ООО Интрайс
37,https://tomsk.hh.ru/vacancy/111025372?query=%D0%BF%D1%80%D0%BE%D0%B3%D1%80%D0%B0%D0%BC%D0%BC%D0%B8%D1%81%D1%82&hhtmFrom=vacancy_search_list,ООО Maxmoll
38,https://tomsk.hh.ru/vacancy/111727740?query=%D0%BF%D1%80%D0%BE%D0%B3%D1%80%D0%B0%D0%BC%D0%BC%D0%B8%D1%81%D1%82&hhtmFrom=vacancy_search_list,Smart World (Умный мир)
39,https://tomsk.hh.ru/vacancy/111405409?query=%D0%BF%D1%80%D0%BE%D0%B3%D1%80%D0%B0%D0%BC%D0%BC%D0%B8%D1%81%D1%82&hhtmFrom=vacancy_search_list,ТУСУР
40,https://tomsk.hh.ru/vacancy/110850609?query=%D0%BF%D1%80%D0%BE%D0%B3%D1%80%D0%B0%D0%BC%D0%BC%D0%B8%D1%81%D1%82&hhtmFrom=vacancy_search_list,VR DEV
41,https://tomsk.hh.ru/vacancy/110683187?query=%D0%BF%D1%80%D0%BE%D0%B3%D1%80%D0%B0%D0%BC%D0%BC%D0%B8%D1%81%D1%82&hhtmFrom=vacancy_search_list,LATOKEN
42,https://tomsk.hh.ru/vacancy/95684202?query=%D0%BF%D1%80%D0%BE%D0%B3%D1%80%D0%B0%D0%BC%D0%BC%D0%B8%D1%81%D1%82&hhtmFrom=vacancy_search_list,UserGate
43,https://tomsk.hh.ru/vacancy/111751461?query=%D0%BF%D1%80%D0%BE%D0%B3%D1%80%D0%B0%D0%BC%D0%BC%D0%B8%D1%81%D1%82&hhtmFrom=vacancy_search_list,АО ИнфоТеКС
44,https://tomsk.hh.ru/vacancy/111027427?query=%D0%BF%D1%80%D0%BE%D0%B3%D1%80%D0%B0%D0%BC%D0%BC%D0%B8%D1%81%D1%82&hhtmFrom=vacancy_search_list,"ТО МФЦ, ОГКУ"
45,https://tomsk.hh.ru/vacancy/105285346?query=%D0%BF%D1%80%D0%BE%D0%B3%D1%80%D0%B0%D0%BC%D0%BC%D0%B8%D1%81%D1%82&hhtmFrom=vacancy_search_list,Антереал
46,https://tomsk.hh.ru/vacancy/111734909?query=%D0%BF%D1%80%D0%BE%D0%B3%D1%80%D0%B0%D0%BC%D0%BC%D0%B8%D1%81%D1%82&hhtmFrom=vacancy_search_list,Userstory
47,https://tomsk.hh.ru/vacancy/111765683?query=%D0%BF%D1%80%D0%BE%D0%B3%D1%80%D0%B0%D0%BC%D0%BC%D0%B8%D1%81%D1%82&hhtmFrom=vacancy_search_list,ООО 1C-Рарус
48,https://tomsk.hh.ru/vacancy/111865728?query=%D0%BF%D1%80%D0%BE%D0%B3%D1%80%D0%B0%D0%BC%D0%BC%D0%B8%D1%81%D1%82&hhtmFrom=vacancy_search_list,ООО Криптон Студио
49,https://tomsk.hh.ru/vacancy/108442367?query=%D0%BF%D1%80%D0%BE%D0%B3%D1%80%D0%B0%D0%BC%D0%BC%D0%B8%D1%81%D1%82&hhtmFrom=vacancy_search_list,АО ИнфоТеКС
50,https://tomsk.hh.ru/vacancy/111725982?query=%D0%BF%D1%80%D0%BE%D0%B3%D1%80%D0%B0%D0%BC%D0%BC%D0%B8%D1%81%D1%82&hhtmFrom=vacancy_search_list,ООО Спутник
